---- USER ---- 
DELETE FROM Users;
INSERT INTO Users(name,image,email,pass,role,gender,phone_number,date_of_birth)
VALUES('Mahir Labib Dihan','student1.jpg','mahirlabibdihan@gmail.com','$2a$10$8GBsWOPaNtD5gUZu1bNB7uCh0mk3Y6NY25SnGTr1mbuWwKsFPYY5G','STUDENT','Male','01851953433',to_date('19-AUG-01','DD-MON-RR'));
INSERT INTO Users(name,image,email,pass,role,gender,phone_number,date_of_birth)
VALUES ('Abdullah Al Mamun','student3.jpg','vonda@gmail.com','$2a$10$t7tfxUp7R/loxmxKcuAbY.sObMjcHiwrps/mTpq0/1jJqlfj9BCl2','STUDENT','Male','01421945693',to_date('25-DEC-00','DD-MON-RR'));
INSERT INTO Users(name,image,email,pass,role,gender,phone_number,date_of_birth)
VALUES ('Muntasir Mamun Nahid','student2.jpg','takla@gmail.com','$2a$10$cNR392ChvTW9rJ4BUY8fDep68xgk7MlJ0pgB.HIAkA/E69HKSSeM2','STUDENT','Male','01684828706',to_date('27-AUG-01','DD-MON-RR'));

INSERT INTO Users(name,image,email,pass,role,gender,phone_number,date_of_birth)
VALUES('Mahir Tazwar Ohi','tutor1.jpg','mahirtazwarohi@gmail.com','$2a$10$8GBsWOPaNtD5gUZu1bNB7uCh0mk3Y6NY25SnGTr1mbuWwKsFPYY5G','TUTOR','Male','01767493500',to_date('03-DEC-00','DD-MON-RR'));
INSERT INTO Users(name,image,email,pass,role,gender,phone_number,date_of_birth)
VALUES('Md Sharif Uddin','tutor2.jpg','sharif@gmail.com','$2a$10$8GBsWOPaNtD5gUZu1bNB7uCh0mk3Y6NY25SnGTr1mbuWwKsFPYY5G','TUTOR','Male','01867549950',to_date('03-MAR-00','DD-MON-RR'));
INSERT INTO Users(name,image,email,pass,role,gender,phone_number,date_of_birth)
VALUES ('Sadat Hossain','tutor5.jpg','1905001@gmail.com','$2a$10$GgiK3IOV9GluNyOnl.P0xO/jnfIudswCvwdKLFm0SKd39sHi4Misq','TUTOR','Male','01891578643',to_date('01-JAN-00','DD-MON-RR'));
INSERT INTO Users(name,image,email,pass,role,gender,phone_number,date_of_birth)
VALUES ('Nafis Tahmid','tutor12.jpg','1905002@gmail.com','$2a$10$GgiK3IOV9GluNyOnl.P0xO/jnfIudswCvwdKLFm0SKd39sHi4Misq','TUTOR','Male','01478066006',to_date('01-JAN-00','DD-MON-RR'));
INSERT INTO Users(name,image,email,pass,role,gender,phone_number,date_of_birth)
VALUES ('Asif Azad','tutor9.jpg','1905004@gmail.com','$2a$10$GgiK3IOV9GluNyOnl.P0xO/jnfIudswCvwdKLFm0SKd39sHi4Misq','TUTOR','Male','01891556749',to_date('01-JAN-00','DD-MON-RR'));
INSERT INTO Users(name,image,email,pass,role,gender,phone_number,date_of_birth)
VALUES ('Md. Ashrafur Rahman Khan','tutor14.jpg','1905005@gmail.com','$2a$10$GgiK3IOV9GluNyOnl.P0xO/jnfIudswCvwdKLFm0SKd39sHi4Misq','TUTOR','Male','01478066006',to_date('01-JAN-00','DD-MON-RR'));
INSERT INTO Users(name,image,email,pass,role,gender,phone_number,date_of_birth)
VALUES ('Shattik Islam Rhythm','tutor11.jpg','1905008@gmail.com','$2a$10$GgiK3IOV9GluNyOnl.P0xO/jnfIudswCvwdKLFm0SKd39sHi4Misq','TUTOR','Male','01881536649',to_date('01-JAN-00','DD-MON-RR'));
INSERT INTO Users(name,image,email,pass,role,gender,phone_number,date_of_birth)
VALUES ('Md. Ishrak Ahsan','tutor21.jpg','1905045@gmail.com','$2a$10$GgiK3IOV9GluNyOnl.P0xO/jnfIudswCvwdKLFm0SKd39sHi4Misq','TUTOR','Male','01478066006',to_date('01-JAN-00','DD-MON-RR'));

INSERT INTO Users(name,image,email,pass,role,gender,phone_number,date_of_birth)
VALUES('Farhan Mahmud','student4.jpg','betu@gmail.com','$2a$10$8GBsWOPaNtD5gUZu1bNB7uCh0mk3Y6NY25SnGTr1mbuWwKsFPYY5G','STUDENT','Male','01851953433',to_date('19-AUG-01','DD-MON-RR'));
INSERT INTO Users(name,image,email,pass,role,gender,phone_number,date_of_birth)
VALUES ('Nayem Mahmud','student5.jpg','boga@gmail.com','$2a$10$t7tfxUp7R/loxmxKcuAbY.sObMjcHiwrps/mTpq0/1jJqlfj9BCl2','STUDENT','Male','01421945693',to_date('25-DEC-00','DD-MON-RR'));
INSERT INTO Users(name,image,email,pass,role,gender,phone_number,date_of_birth)
VALUES ('Ibrahim Shagor','male_student.jpg','mokhles@gmail.com','$2a$10$cNR392ChvTW9rJ4BUY8fDep68xgk7MlJ0pgB.HIAkA/E69HKSSeM2','STUDENT','Male','01684828706',to_date('27-AUG-01','DD-MON-RR'));

INSERT INTO Users(name,image,email,pass,role,gender,phone_number,date_of_birth)
VALUES ('Nazmus Sakib','tutor17.jpg','1905061@gmail.com','$2a$10$GgiK3IOV9GluNyOnl.P0xO/jnfIudswCvwdKLFm0SKd39sHi4Misq','TUTOR','Male','01478066006',to_date('01-JAN-00','DD-MON-RR'));
INSERT INTO Users(name,image,email,pass,role,gender,phone_number,date_of_birth)
VALUES ('Sayem Shahad Soummo','tutor8.jpg','1905064@gmail.com','$2a$10$GgiK3IOV9GluNyOnl.P0xO/jnfIudswCvwdKLFm0SKd39sHi4Misq','TUTOR','Male','01741656919',to_date('01-JAN-00','DD-MON-RR'));
INSERT INTO Users(name,image,email,pass,role,gender,phone_number,date_of_birth)
VALUES ('Prottoy Barai','tutor13.jpg','1905068@gmail.com','$2a$10$GgiK3IOV9GluNyOnl.P0xO/jnfIudswCvwdKLFm0SKd39sHi4Misq','TUTOR','Male','01478066006',to_date('01-JAN-00','DD-MON-RR'));
INSERT INTO Users(name,image,email,pass,role,gender,phone_number,date_of_birth)
VALUES ('Mashroor Hasan Bhuiyan','tutor10.jpg','1905069@gmail.com','$2a$10$GgiK3IOV9GluNyOnl.P0xO/jnfIudswCvwdKLFm0SKd39sHi4Misq','TUTOR','Male','01478066006',to_date('01-JAN-00','DD-MON-RR'));
INSERT INTO Users(name,image,email,pass,role,gender,phone_number,date_of_birth)
VALUES ('Anindya Hoque','tutor6.jpg','1905070@gmail.com','$2a$10$GgiK3IOV9GluNyOnl.P0xO/jnfIudswCvwdKLFm0SKd39sHi4Misq','TUTOR','Male','01478066006',to_date('01-JAN-00','DD-MON-RR'));
INSERT INTO Users(name,image,email,pass,role,gender,phone_number,date_of_birth)
VALUES ('Tareq Ahmed','tutor3.jpg','1905071@gmail.com','$2a$10$GgiK3IOV9GluNyOnl.P0xO/jnfIudswCvwdKLFm0SKd39sHi4Misq','TUTOR','Male','01478066006',to_date('01-JAN-00','DD-MON-RR'));
INSERT INTO Users(name,image,email,pass,role,gender,phone_number,date_of_birth)
VALUES ('Souvik Ghosh','tutor4.jpg','1905073@gmail.com','$2a$10$GgiK3IOV9GluNyOnl.P0xO/jnfIudswCvwdKLFm0SKd39sHi4Misq','TUTOR','Male','01911714385',to_date('01-JAN-00','DD-MON-RR'));
INSERT INTO Users(name,image,email,pass,role,gender,phone_number,date_of_birth)
VALUES ('Tahmid Islam Tomal','tutor16.jpg','1905074@gmail.com','$2a$10$GgiK3IOV9GluNyOnl.P0xO/jnfIudswCvwdKLFm0SKd39sHi4Misq','TUTOR','Male','01478066006',to_date('01-JAN-00','DD-MON-RR'));
INSERT INTO Users(name,image,email,pass,role,gender,phone_number,date_of_birth)
VALUES ('Md. Shafiul Haque','tutor20.jpg','1905102@gmail.com','$2a$10$GgiK3IOV9GluNyOnl.P0xO/jnfIudswCvwdKLFm0SKd39sHi4Misq','TUTOR','Male','01478066006',to_date('01-JAN-00','DD-MON-RR'));
INSERT INTO Users(name,image,email,pass,role,gender,phone_number,date_of_birth)
VALUES ('Rayan Islam','tutor18.jpg','1905106@gmail.com','$2a$10$GgiK3IOV9GluNyOnl.P0xO/jnfIudswCvwdKLFm0SKd39sHi4Misq','TUTOR','Male','01478066006',to_date('01-JAN-00','DD-MON-RR'));
INSERT INTO Users(name,image,email,pass,role,gender,phone_number,date_of_birth)
VALUES ('Saad Mohammad Rafid Pial','tutor15.jpg','1905112@gmail.com','$2a$10$GgiK3IOV9GluNyOnl.P0xO/jnfIudswCvwdKLFm0SKd39sHi4Misq','TUTOR','Male','01478066006',to_date('01-JAN-00','DD-MON-RR'));
INSERT INTO Users(name,image,email,pass,role,gender,phone_number,date_of_birth)
VALUES ('Tahsin Wahid','tutor19.jpg','1905115@gmail.com','$2a$10$GgiK3IOV9GluNyOnl.P0xO/jnfIudswCvwdKLFm0SKd39sHi4Misq','TUTOR','Male','01478066006',to_date('01-JAN-00','DD-MON-RR'));


----STUDENT----
DELETE FROM Students;
INSERT INTO Students (user_id,institution,version,class,address) 
VALUES (1,'NDC','Bangla Medium','Class 12','38/1, Indira Road, Farmgate, Dhaka');
INSERT INTO Students (user_id,institution,version,class,address) 
VALUES (2,'DMRC','Bangla Medium','Class 12','Narayanganj');
INSERT INTO Students (user_id,institution,version,class,address) 
VALUES (3,'NDC','Bangla Medium','Class 12','Banasree, Dhaka');INSERT INTO Students (user_id,institution,version,class,address) 
VALUES (12,'CVC','Bangla Medium','Class 12','Mahmud Mansion, Cumilla');
INSERT INTO Students (user_id,institution,version,class,address) 
VALUES (13,'CGC','Bangla Medium','Class 12','Bogalake, Bandarban');
INSERT INTO Students (user_id,institution,version,class,address) 
VALUES (14,'CVC','Bangla Medium','Class 12','Cumilla');


----TUTOR----
DELETE FROM Tutors;
INSERT INTO Tutors (user_id,expertise,availability,years_of_experience,preffered_salary) 
VALUES (4,'Math, Physics, Chemistry','Available',4,10000);
INSERT INTO Tutors (user_id,expertise,availability,years_of_experience,preffered_salary) 
VALUES (5,'Math, ICT','Available',2,8000);
INSERT INTO Tutors (user_id,expertise,availability,years_of_experience,preffered_salary) 
VALUES (6,'Math, Physics, Chemistry, ICT, English','Available',4,10000);
INSERT INTO Tutors (user_id,expertise,availability,years_of_experience,preffered_salary) 
VALUES (7,'Physics','Available',3,10000);
INSERT INTO Tutors (user_id,expertise,availability,years_of_experience,preffered_salary) 
VALUES (8,'Math, Physics, Chemistry','Unavailable',3,10000);
INSERT INTO Tutors (user_id,expertise,availability,years_of_experience,preffered_salary) 
VALUES (9,'English','Available',3,10000);
INSERT INTO Tutors (user_id,expertise,availability,years_of_experience,preffered_salary) 
VALUES (10,'Math','Available',3,10000);
INSERT INTO Tutors (user_id,expertise,availability,years_of_experience,preffered_salary) 
VALUES (11,'Math','Available',3,10000);
INSERT INTO Tutors (user_id,expertise,availability,years_of_experience,preffered_salary) 
VALUES (15,'Math','Available',3,10000);
INSERT INTO Tutors (user_id,expertise,availability,years_of_experience,preffered_salary) 
VALUES (16,'Math','Available',3,10000);
INSERT INTO Tutors (user_id,expertise,availability,years_of_experience,preffered_salary) 
VALUES (17,'Math','Available',3,10000);
INSERT INTO Tutors (user_id,expertise,availability,years_of_experience,preffered_salary) 
VALUES (18,'Math','Available',3,10000);
INSERT INTO Tutors (user_id,expertise,availability,years_of_experience,preffered_salary) 
VALUES (19,'Math','Available',3,10000);
INSERT INTO Tutors (user_id,expertise,availability,years_of_experience,preffered_salary) 
VALUES (20,'Math','Available',3,10000);
INSERT INTO Tutors (user_id,expertise,availability,years_of_experience,preffered_salary) 
VALUES (21,'Math','Available',3,10000);
INSERT INTO Tutors (user_id,expertise,availability,years_of_experience,preffered_salary) 
VALUES (22,'Math','Available',3,10000);
INSERT INTO Tutors (user_id,expertise,availability,years_of_experience,preffered_salary) 
VALUES (23,'Math','Available',3,10000);
INSERT INTO Tutors (user_id,expertise,availability,years_of_experience,preffered_salary) 
VALUES (24,'Math','Available',3,10000);
INSERT INTO Tutors (user_id,expertise,availability,years_of_experience,preffered_salary) 
VALUES (25,'Math','Available',3,10000);
INSERT INTO Tutors (user_id,expertise,availability,years_of_experience,preffered_salary) 
VALUES (26,'Math','Available',3,10000);

---- TUTION ----
DELETE FROM Tutions;
INSERT INTO Tutions (subjects,salary,days_per_week,type) 
VALUES ('Math',10000,3,'Offline');
INSERT INTO Tutions (subjects,salary,days_per_week,type) 
VALUES ('Physics',5000,3,'Offline');
INSERT INTO Tutions (subjects,salary,days_per_week,type) 
VALUES ('Math',8000,3,'Offline');
INSERT INTO Tutions (subjects,salary,days_per_week,type) 
VALUES ('Math, Physics, Chemistry',10000,4,'Online');
INSERT INTO Tutions (subjects,salary,days_per_week,type) 
VALUES ('Bangla, English',5000,4,'Offline');
INSERT INTO Tutions (subjects,salary,days_per_week,type) 
VALUES ('Math, Physics, Chemistry',10000,4,'Online');
INSERT INTO Tutions (subjects,salary,days_per_week,type) 
VALUES ('C++',5000,3,'Online');
INSERT INTO Tutions (subjects,salary,days_per_week,type) 
VALUES ('Math, Physics, Chemistry',10000,3,'Online');
INSERT INTO Tutions (subjects,salary,days_per_week,type) 
VALUES ('English',8000,2,'Offline');
INSERT INTO Tutions (subjects,salary,days_per_week,type) 
VALUES ('Bangla',5000,3,'Online');
INSERT INTO Tutions (subjects,salary,days_per_week,type) 
VALUES ('Math',10000,3,'Offline');
INSERT INTO Tutions (subjects,salary,days_per_week,type) 
VALUES ('Math',12000,7,'Online');
INSERT INTO Tutions (subjects,salary,days_per_week,type) 
VALUES ('English, Bangla',5000,5,'Offline');
INSERT INTO Tutions (subjects,salary,days_per_week,type) 
VALUES ('Math',10000,3,'Offline');
INSERT INTO Tutions (subjects,salary,days_per_week,type) 
VALUES ('Math',12000,7,'Online');
INSERT INTO Tutions (subjects,salary,days_per_week,type) 
VALUES ('English, Bangla',5000,5,'Offline');


---- TUTION_POST ----
DELETE FROM Tution_Posts;
INSERT INTO Tution_Posts (student_id,tution_id,desired_tutor_gender) 
VALUES (1,1,'Male');
INSERT INTO Tution_Posts (student_id,tution_id,desired_tutor_gender) 
VALUES (1,2,'Female');
INSERT INTO Tution_Posts (student_id,tution_id,desired_tutor_gender) 
VALUES (1,3,'Male');
INSERT INTO Tution_Posts (student_id,tution_id,desired_tutor_gender) 
VALUES (1,4,'Male');
INSERT INTO Tution_Posts (student_id,tution_id,desired_tutor_gender) 
VALUES (2,5,'Male');
INSERT INTO Tution_Posts (student_id,tution_id,desired_tutor_gender) 
VALUES (2,6,'Male');
INSERT INTO Tution_Posts (student_id,tution_id,desired_tutor_gender) 
VALUES (2,7,'Female');

---- APPLY ----
DELETE FROM Applies;
INSERT INTO Applies (tutor_id,POST_ID) 
VALUES (4,1);
INSERT INTO Applies (tutor_id,POST_ID) 
VALUES (4,3);
INSERT INTO Applies (tutor_id,POST_ID) 
VALUES (4,5);
INSERT INTO Applies (tutor_id,POST_ID) 
VALUES (5,1);
INSERT INTO Applies (tutor_id,POST_ID) 
VALUES (5,2);
INSERT INTO Applies (tutor_id,POST_ID) 
VALUES (6,1);
INSERT INTO Applies (tutor_id,POST_ID) 
VALUES (6,4);
INSERT INTO Applies (tutor_id,POST_ID) 
VALUES (7,2);
INSERT INTO Applies (tutor_id,POST_ID) 
VALUES (7,1);
INSERT INTO Applies (tutor_id,POST_ID) 
VALUES (8,2);
INSERT INTO Applies (tutor_id,POST_ID) 
VALUES (8,3);
INSERT INTO Applies (tutor_id,POST_ID) 
VALUES (9,4);
INSERT INTO Applies (tutor_id,POST_ID) 
VALUES (9,5);
INSERT INTO Applies (tutor_id,POST_ID) 
VALUES (10,6);
INSERT INTO Applies (tutor_id,POST_ID) 
VALUES (10,7);
INSERT INTO Applies (tutor_id,POST_ID) 
VALUES (11,1);
INSERT INTO Applies (tutor_id,POST_ID) 
VALUES (11,2);
INSERT INTO Applies (tutor_id,POST_ID) 
VALUES (15,3);
INSERT INTO Applies (tutor_id,POST_ID) 
VALUES (16,4);
INSERT INTO Applies (tutor_id,POST_ID) 
VALUES (17,5);
INSERT INTO Applies (tutor_id,POST_ID) 
VALUES (18,6);
INSERT INTO Applies (tutor_id,POST_ID) 
VALUES (19,7);
INSERT INTO Applies (tutor_id,POST_ID) 
VALUES (20,1);
INSERT INTO Applies (tutor_id,POST_ID) 
VALUES (21,2);
INSERT INTO Applies (tutor_id,POST_ID) 
VALUES (22,3);
INSERT INTO Applies (tutor_id,POST_ID) 
VALUES (23,4);
INSERT INTO Applies (tutor_id,POST_ID) 
VALUES (24,5);
INSERT INTO Applies (tutor_id,POST_ID) 
VALUES (25,6);
INSERT INTO Applies (tutor_id,POST_ID) 
VALUES (26,7);

---- OFFER ----
DELETE FROM Offers;
INSERT INTO Offers (student_id,tutor_id,tution_id,status,rating) 
VALUES (1,4,8,'ACCEPTED',4);
INSERT INTO Offers (student_id,tutor_id,tution_id,status) 
VALUES (3,4,10,'PENDING');
INSERT INTO Offers (student_id,tutor_id,tution_id,status,rating) 
VALUES (1,5,9,'ACCEPTED',3);
INSERT INTO Offers (student_id,tutor_id,tution_id,status) 
VALUES (1,6,10,'PENDING');
INSERT INTO Offers (student_id,tutor_id,tution_id,status,rating) 
VALUES (2,4,11,'ACCEPTED',5);
INSERT INTO Offers (student_id,tutor_id,tution_id,status) 
VALUES (2,5,12,'PENDING');
INSERT INTO Offers (student_id,tutor_id,tution_id,status) 
VALUES (2,6,13,'PENDING');
INSERT INTO Offers (student_id,tutor_id,tution_id,status) 
VALUES (12,4,14,'ACCEPTED');
INSERT INTO Offers (student_id,tutor_id,tution_id,status) 
VALUES (13,4,15,'PENDING');
INSERT INTO Offers (student_id,tutor_id,tution_id,status) 
VALUES (14,4,16,'PENDING');

---- COACHING ----
DELETE FROM Coachings;
INSERT INTO Coachings (name,image,phone_number,address) 
VALUES ('Break The Fear','coaching1.jpg','01851953433','Ahmed Mansion, Monoharpur, Cumilla');
INSERT INTO Coachings (name,image,phone_number,address) 
VALUES ('Incredibles','coaching10.jpg','01711130955','Puraton chowdhuri para, Cumilla');
INSERT INTO Coachings (name,image,phone_number,address) 
VALUES ('Alphateach','coaching2.jpg','01711130955','69/C, Monipuri Para, Tejgaon');
INSERT INTO Coachings (name,image,phone_number,address) 
VALUES ('Brilliant Minds','coaching3.jpg','01978290355','Indira Road, Farmgate, Dhaka');
INSERT INTO Coachings (name,image,phone_number,address) 
VALUES ('Educatree','coaching5.jpg','01851953433','20, Central road, Dhanmondi Residential Aria');
INSERT INTO Coachings (name,image,phone_number,address) 
VALUES ('Education Hub','coaching6.jpg','01655567659','Samsur rahman road, Khulna, Khulna');
INSERT INTO Coachings (name,image,phone_number,address) 
VALUES ('Study Point','coaching8.jpg','01555556769','U-49, Noorjahan road, Mohammadpur, Dhaka');
INSERT INTO Coachings (name,image,phone_number,address) 
VALUES ('Coachify','coaching9.jpg','01313854014','145/28, Airport road super market (1st floor), Tejgaon, Dhaka');
INSERT INTO Coachings (name,image,phone_number,address) 
VALUES ('Instant Academy','coaching7.jpg','01755533650','Bakshibazar, Dhaka medical college and hospital, Dhaka');
INSERT INTO Coachings (name,image,phone_number,address) 
VALUES ('Bold Academy','coaching4.jpg','01755577908','House #285/3, Road #15 (old), Dhanmondi');


---- MEMBER_OF ----
DELETE FROM MemberOf;
INSERT INTO MemberOf (user_id,coaching_id,type) 
VALUES (1,1,'MEMBER');
INSERT INTO MemberOf (user_id,coaching_id,type) 
VALUES (1,2,'MEMBER');
INSERT INTO MemberOf (user_id,coaching_id,type) 
VALUES (1,3,'MEMBER');
INSERT INTO MemberOf (user_id,coaching_id,type) 
VALUES (1,4,'MEMBER');
INSERT INTO MemberOf (user_id,coaching_id,type) 
VALUES (2,2,'MEMBER');
INSERT INTO MemberOf (user_id,coaching_id,type) 
VALUES (2,4,'MEMBER');
INSERT INTO MemberOf (user_id,coaching_id,type) 
VALUES (3,5,'MEMBER');

INSERT INTO MemberOf (user_id,coaching_id,type) 
VALUES (4,1,'ADMIN');
INSERT INTO MemberOf (user_id,coaching_id,type) 
VALUES (5,2,'ADMIN');
INSERT INTO MemberOf (user_id,coaching_id,type) 
VALUES (6,3,'ADMIN');
INSERT INTO MemberOf (user_id,coaching_id,type) 
VALUES (7,4,'ADMIN');
INSERT INTO MemberOf (user_id,coaching_id,type) 
VALUES (8,5,'ADMIN');
INSERT INTO MemberOf (user_id,coaching_id,type) 
VALUES (9,6,'ADMIN');
INSERT INTO MemberOf (user_id,coaching_id,type) 
VALUES (10,8,'ADMIN');
INSERT INTO MemberOf (user_id,coaching_id,type) 
VALUES (4,7,'ADMIN');
-- INSERT INTO MemberOf (user_id,coaching_id,type) 
-- VALUES (5,9,'ADMIN');

---- COURSE ----
DELETE FROM Courses;
INSERT INTO Courses (coaching_id,class,subject)
VALUES (1,'Class 10','Physics');
INSERT INTO Courses (coaching_id,class,subject)
VALUES (1,'Class 5','Bangla');
INSERT INTO Courses (coaching_id,class,subject)
VALUES (1,'Class 8','Math');
INSERT INTO Courses (coaching_id,class,subject)
VALUES (1,'Class 12','Physics');
INSERT INTO Courses (coaching_id,class,subject)
VALUES (2,'Class 10','Physics');
INSERT INTO Courses (coaching_id,class,subject)
VALUES (2,'Class 5','Bangla');
INSERT INTO Courses (coaching_id,class,subject)
VALUES (2,'Class 12','Math');
INSERT INTO Courses (coaching_id,class,subject)
VALUES (3,'Class 5','English');
INSERT INTO Courses (coaching_id,class,subject)
VALUES (3,'Class 4','Bangla');
INSERT INTO Courses (coaching_id,class,subject)
VALUES (3,'Class 12','Chemistry');

---- BATCH ----
DELETE FROM Batches;
INSERT INTO Batches (course_id,start_date,seats,class_days,class_time)
VALUES (1,to_date('20-AUG-19','DD-MON-RR'),30,'Sun, Tue, Thu','1:00PM-2:00PM');
INSERT INTO Batches (course_id,start_date,seats,class_days,class_time)
VALUES (1,to_date('20-SEP-19','DD-MON-RR'),25,'Sat, Mon, Wed','2:00PM-3:00PM');
INSERT INTO Batches (course_id,start_date,seats,class_days,class_time)
VALUES (2,to_date('20-OCT-19','DD-MON-RR'),20,'Sun, Tue, Thu','3:00PM-4:00PM');
INSERT INTO Batches (course_id,start_date,seats,class_days,class_time)
VALUES (2,to_date('23-JUL-22','DD-MON-RR'),25,'Sun, Tue, Thu','12:00PM-1:00 PM');
INSERT INTO Batches (course_id,start_date,seats,class_days,class_time)
VALUES (3,to_date('23-JUL-22','DD-MON-RR'),25,'Sun, Tue, Thu','12:00PM-1:00 PM');
INSERT INTO Batches (course_id,start_date,seats,class_days,class_time)
VALUES (3,to_date('23-JUL-22','DD-MON-RR'),25,'Sun, Tue, Thu','12:00PM-1:00 PM');
INSERT INTO Batches (course_id,start_date,seats,class_days,class_time)
VALUES(4,to_date('10-OCT-22','DD-MON-RR'),30,'Thu, Fri, Sat','3:00PM-4:30PM');
INSERT INTO Batches (course_id,start_date,seats,class_days,class_time)
VALUES(4,to_date('10-OCT-22','DD-MON-RR'),30,'Thu, Fri, Sat','3:00PM-4:30PM');
INSERT INTO Batches (course_id,start_date,seats,class_days,class_time)
VALUES (5,to_date('10-AUG-22','DD-MON-RR'),30,'Sat, Mon, Wed','8:00AM-10:00AM');
INSERT INTO Batches (course_id,start_date,seats,class_days,class_time)
VALUES (5,to_date('10-AUG-22','DD-MON-RR'),30,'Sat, Mon, Wed','8:00AM-10:00AM');
INSERT INTO Batches (course_id,start_date,seats,class_days,class_time)
VALUES (6,to_date('25-AUG-19','DD-MON-RR'),30,'Sun, Tue, Thu','2:00PM-3:00PM');
INSERT INTO Batches (course_id,start_date,seats,class_days,class_time)
VALUES (6,to_date('25-AUG-19','DD-MON-RR'),30,'Sun, Tue, Thu','2:00PM-3:00PM');
INSERT INTO Batches (course_id,start_date,seats,class_days,class_time)
VALUES (7,to_date('25-AUG-19','DD-MON-RR'),30,'Sun, Tue, Thu','2:00PM-3:00PM');
INSERT INTO Batches (course_id,start_date,seats,class_days,class_time)
VALUES (7,to_date('25-AUG-19','DD-MON-RR'),30,'Sun, Tue, Thu','2:00PM-3:00PM');
INSERT INTO Batches (course_id,start_date,seats,class_days,class_time)
VALUES (8,to_date('25-AUG-19','DD-MON-RR'),30,'Sun, Tue, Thu','2:00PM-3:00PM');
INSERT INTO Batches (course_id,start_date,seats,class_days,class_time)
VALUES (8,to_date('25-AUG-19','DD-MON-RR'),30,'Sun, Tue, Thu','2:00PM-3:00PM');
INSERT INTO Batches (course_id,start_date,seats,class_days,class_time)
VALUES (9,to_date('25-AUG-19','DD-MON-RR'),30,'Sun, Tue, Thu','2:00PM-3:00PM');
INSERT INTO Batches (course_id,start_date,seats,class_days,class_time)
VALUES (9,to_date('25-AUG-19','DD-MON-RR'),30,'Sun, Tue, Thu','2:00PM-3:00PM');
INSERT INTO Batches (course_id,start_date,seats,class_days,class_time)
VALUES (10,to_date('25-AUG-19','DD-MON-RR'),30,'Sun, Tue, Thu','2:00PM-3:00PM');

----  ENROLLED_IN ----
DELETE FROM EnrolledIn;
-- INSERT INTO EnrolledIn
-- VALUES(1,4,8);
INSERT INTO EnrolledIn
VALUES(1,7,13);
INSERT INTO EnrolledIn
VALUES(1,10,19);


---- EDUCATIONS ----
DELETE FROM Educations;
INSERT INTO Educations(tutor_id,institute,field_of_study,degree,passing_year)
VALUES(4,'BUET','ME','BSC','2024');
INSERT INTO Educations(tutor_id,institute,field_of_study,degree,passing_year)
VALUES(4,'DC','Science','HSC','2018');
INSERT INTO Educations(tutor_id,institute,field_of_study,degree,passing_year)
VALUES(4,'CZS','Science','SSC','2015');
INSERT INTO Educations(tutor_id,institute,field_of_study,degree,passing_year)
VALUES(5,'BUET','EEE','BSC','2024');
INSERT INTO Educations(tutor_id,institute,field_of_study,degree,passing_year)
VALUES(5,'NDC','Science','HSC','2019');
INSERT INTO Educations(tutor_id,institute,field_of_study,degree,passing_year)
VALUES(5,'CZS','Science','SSC','2016');
